-- ============================================
-- 旅游路线规划系统 - 示例数据插入脚本
-- ============================================
-- 说明：此脚本包含完整的示例数据，用于前端展示和测试
-- 密码统一为：123456 (BCrypt加密后的hash值)
-- ============================================

USE `travel_match`;

-- ============================================
-- 1. 用户数据
-- ============================================

-- 插入用户账号（密码统一为：123456，BCrypt加密）
INSERT INTO `t_user` (`id`, `email`, `phone`, `password`, `auth_provider`, `status`, `created_at`, `updated_at`) VALUES
(1, 'user1@example.com', '13800138001', '$2a$10$N.zmdr9k7uOCQb376NoUnuTJ8iAt6Z5EHsM8lE9lBOsl7iwy8pQKO', 'local', 'active', '2024-01-15 10:00:00', '2024-01-15 10:00:00'),
(2, 'user2@example.com', '13800138002', '$2a$10$N.zmdr9k7uOCQb376NoUnuTJ8iAt6Z5EHsM8lE9lBOsl7iwy8pQKO', 'local', 'active', '2024-01-16 11:00:00', '2024-01-16 11:00:00'),
(3, 'user3@example.com', '13800138003', '$2a$10$N.zmdr9k7uOCQb376NoUnuTJ8iAt6Z5EHsM8lE9lBOsl7iwy8pQKO', 'local', 'active', '2024-01-17 12:00:00', '2024-01-17 12:00:00'),
(4, 'xiaolu@example.com', '13900139001', '$2a$10$N.zmdr9k7uOCQb376NoUnuTJ8iAt6Z5EHsM8lE9lBOsl7iwy8pQKO', 'local', 'active', '2024-01-18 09:00:00', '2024-01-18 09:00:00'),
(5, 'xingzhe@example.com', '13900139002', '$2a$10$N.zmdr9k7uOCQb376NoUnuTJ8iAt6Z5EHsM8lE9lBOsl7iwy8pQKO', 'local', 'active', '2024-01-19 10:00:00', '2024-01-19 10:00:00'),
(6, 'taotao@example.com', '13900139003', '$2a$10$N.zmdr9k7uOCQb376NoUnuTJ8iAt6Z5EHsM8lE9lBOsl7iwy8pQKO', 'local', 'active', '2024-01-20 11:00:00', '2024-01-20 11:00:00');

-- 插入用户资料
INSERT INTO `t_user_profile` (`id`, `nickname`, `avatar`, `gender`, `age`, `city`, `intro`, `slogan`) VALUES
(1, '旅行达人小王', 'https://picsum.photos/seed/avatar1/200/200', 'male', 28, '北京', '热爱自由行，喜欢探索小众景点', '世界那么大，我想去看看'),
(2, '摄影爱好者', 'https://picsum.photos/seed/avatar2/200/200', 'female', 25, '上海', '用镜头记录美好旅程', '每一张照片都是回忆'),
(3, '美食探索家', 'https://picsum.photos/seed/avatar3/200/200', 'male', 30, '广州', '寻找各地特色美食', '吃遍天下美食'),
(4, '小鹿', 'https://picsum.photos/seed/avatar4/200/200', 'female', 26, '杭州', '喜欢摄影和美食', '用脚步丈量世界'),
(5, '行者老张', 'https://picsum.photos/seed/avatar5/200/200', 'male', 35, '成都', '自驾游爱好者，走过大江南北', '路在脚下，心在路上'),
(6, '桃桃', 'https://picsum.photos/seed/avatar6/200/200', 'female', 24, '厦门', '休闲旅行，享受慢生活', '慢下来，感受生活的美好');

-- 插入用户偏好
INSERT INTO `t_user_preference` (`id`, `travel_style`, `budget_min`, `budget_max`, `traffic_preference`, `tags`, `interest_weights_json`) VALUES
(1, '自由行', 3000, 10000, '飞机,高铁', '文化,历史,自然', '{"自然":0.3,"文化":0.5,"美食":0.2}'),
(2, '度假', 5000, 15000, '飞机', '摄影,自然,休闲', '{"自然":0.4,"文化":0.3,"美食":0.3}'),
(3, '背包客', 2000, 6000, '火车,大巴', '美食,文化,体验', '{"美食":0.5,"文化":0.3,"自然":0.2}'),
(4, '休闲', 4000, 8000, '飞机,高铁', '摄影,美食', '{"美食":0.4,"自然":0.3,"文化":0.3}'),
(5, '自驾', 6000, 12000, '自驾', '自驾,风光', '{"自然":0.6,"文化":0.2,"美食":0.2}'),
(6, '休闲', 3000, 7000, '飞机,高铁', '休闲,夜市', '{"美食":0.5,"休闲":0.3,"文化":0.2}');

-- 插入用户信誉
INSERT INTO `t_user_reputation` (`id`, `score`, `level`, `total_trips`, `positive_count`) VALUES
(1, 850, 4, 12, 11),
(2, 720, 3, 8, 7),
(3, 950, 5, 15, 14),
(4, 680, 3, 6, 5),
(5, 920, 5, 18, 17),
(6, 580, 2, 4, 3);

-- ============================================
-- 2. 路线数据（对应前端的3条示例路线）
-- ============================================

-- 路线1：京都奈良文化深度 5 日游
INSERT INTO `t_trip_plan` (`id`, `user_id`, `title`, `destination`, `start_date`, `end_date`, `budget`, `people_count`, `pace`, `preference_weights_json`, `created_at`, `updated_at`) VALUES
(1, 1, '京都奈良文化深度 5 日游', '京都、奈良', '2025-04-01', '2025-04-05', 12000, 2, 'medium', '{"文化":0.6,"历史":0.3,"美食":0.1}', '2024-01-20 10:00:00', '2024-01-20 10:00:00');

-- 路线1的行程天数
INSERT INTO `t_trip_day` (`id`, `plan_id`, `day_index`, `date`) VALUES
(1, 1, 1, '2025-04-01'),
(2, 1, 2, '2025-04-02'),
(3, 1, 3, '2025-04-03'),
(4, 1, 4, '2025-04-04'),
(5, 1, 5, '2025-04-05');

-- 路线1的每日活动
INSERT INTO `t_trip_activity` (`id`, `day_id`, `type`, `name`, `location`, `start_time`, `end_time`, `transport`, `estimated_cost`) VALUES
-- Day 1
(1, 1, 'sight', '清水寺', '京都府京都市东山区', '09:00', '11:30', '公交', 400),
(2, 1, 'sight', '二年坂三年坂', '京都府京都市东山区', '11:30', '13:00', '步行', 0),
(3, 1, 'food', '祇园花见小路', '京都府京都市东山区', '13:00', '15:00', '步行', 200),
(4, 1, 'hotel', '京都站附近酒店', '京都府京都市下京区', '18:00', '次日', '地铁', 800),
-- Day 2
(5, 2, 'sight', '伏见稻荷大社', '京都府京都市伏见区', '08:30', '11:00', 'JR奈良线', 0),
(6, 2, 'sight', '金阁寺', '京都府京都市北区', '13:00', '15:00', '公交', 400),
(7, 2, 'food', '锦市场', '京都府京都市中京区', '16:00', '18:00', '地铁', 300),
-- Day 3
(8, 3, 'sight', '奈良公园', '奈良县奈良市', '09:00', '12:00', 'JR奈良线', 0),
(9, 3, 'sight', '东大寺', '奈良县奈良市', '12:30', '14:30', '步行', 600),
(10, 3, 'sight', '春日大社', '奈良县奈良市', '15:00', '17:00', '步行', 500),
-- Day 4
(11, 4, 'sight', '岚山竹林', '京都府京都市右京区', '09:00', '11:30', 'JR嵯峨野线', 0),
(12, 4, 'sight', '天龙寺', '京都府京都市右京区', '11:30', '13:30', '步行', 500),
(13, 4, 'food', '岚山豆腐料理', '京都府京都市右京区', '13:30', '15:00', '步行', 400),
-- Day 5
(14, 5, 'sight', '银阁寺', '京都府京都市左京区', '09:00', '11:00', '公交', 500),
(15, 5, 'food', '哲学之道', '京都府京都市左京区', '11:00', '13:00', '步行', 200);

-- 路线2：云南大理丽江休闲 6 日
INSERT INTO `t_trip_plan` (`id`, `user_id`, `title`, `destination`, `start_date`, `end_date`, `budget`, `people_count`, `pace`, `preference_weights_json`, `created_at`, `updated_at`) VALUES
(2, 2, '云南大理丽江休闲 6 日', '大理、丽江', '2025-05-10', '2025-05-15', 6000, 2, 'slow', '{"自然":0.5,"休闲":0.3,"文化":0.2}', '2024-01-21 11:00:00', '2024-01-21 11:00:00');

INSERT INTO `t_trip_day` (`id`, `plan_id`, `day_index`, `date`) VALUES
(6, 2, 1, '2025-05-10'),
(7, 2, 2, '2025-05-11'),
(8, 2, 3, '2025-05-12'),
(9, 2, 4, '2025-05-13'),
(10, 2, 5, '2025-05-14'),
(11, 2, 6, '2025-05-15');

INSERT INTO `t_trip_activity` (`id`, `day_id`, `type`, `name`, `location`, `start_time`, `end_time`, `transport`, `estimated_cost`) VALUES
-- Day 1
(16, 6, 'sight', '大理古城', '大理白族自治州大理市', '10:00', '14:00', '打车', 50),
(17, 6, 'food', '古城美食街', '大理白族自治州大理市', '14:00', '16:00', '步行', 150),
(18, 6, 'hotel', '洱海边民宿', '大理白族自治州大理市', '18:00', '次日', '打车', 300),
-- Day 2
(19, 7, 'sight', '洱海环湖', '大理白族自治州大理市', '09:00', '17:00', '租车/包车', 400),
(20, 7, 'sight', '双廊古镇', '大理白族自治州洱源县', '11:00', '14:00', '包车', 0),
-- Day 3
(21, 8, 'sight', '苍山索道', '大理白族自治州大理市', '09:00', '12:00', '打车', 300),
(22, 8, 'sight', '喜洲古镇', '大理白族自治州大理市', '14:00', '17:00', '公交', 20),
-- Day 4
(23, 9, 'sight', '丽江古城', '丽江市古城区', '10:00', '18:00', '高铁+打车', 200),
(24, 9, 'hotel', '古城内客栈', '丽江市古城区', '18:00', '次日', '步行', 250),
-- Day 5
(25, 10, 'sight', '玉龙雪山', '丽江市玉龙纳西族自治县', '07:00', '17:00', '包车', 600),
(26, 10, 'sight', '蓝月谷', '丽江市玉龙纳西族自治县', '13:00', '16:00', '景区内', 0),
-- Day 6
(27, 11, 'sight', '束河古镇', '丽江市古城区', '09:00', '12:00', '打车', 50),
(28, 11, 'food', '纳西族特色菜', '丽江市古城区', '12:00', '14:00', '步行', 200);

-- 路线3：厦门鼓浪屿美食 3 日
INSERT INTO `t_trip_plan` (`id`, `user_id`, `title`, `destination`, `start_date`, `end_date`, `budget`, `people_count`, `pace`, `preference_weights_json`, `created_at`, `updated_at`) VALUES
(3, 3, '厦门鼓浪屿美食 3 日', '厦门', '2025-06-01', '2025-06-03', 3000, 2, 'medium', '{"美食":0.5,"海岛":0.3,"文化":0.2}', '2024-01-22 12:00:00', '2024-01-22 12:00:00');

INSERT INTO `t_trip_day` (`id`, `plan_id`, `day_index`, `date`) VALUES
(12, 3, 1, '2025-06-01'),
(13, 3, 2, '2025-06-02'),
(14, 3, 3, '2025-06-03');

INSERT INTO `t_trip_activity` (`id`, `day_id`, `type`, `name`, `location`, `start_time`, `end_time`, `transport`, `estimated_cost`) VALUES
-- Day 1
(29, 12, 'sight', '鼓浪屿', '厦门市思明区', '09:00', '17:00', '轮渡', 70),
(30, 12, 'sight', '日光岩', '厦门市思明区鼓浪屿', '10:00', '12:00', '步行', 60),
(31, 12, 'food', '龙头路小吃街', '厦门市思明区鼓浪屿', '12:00', '14:00', '步行', 150),
(32, 12, 'sight', '菽庄花园', '厦门市思明区鼓浪屿', '14:30', '16:30', '步行', 30),
(33, 12, 'hotel', '中山路附近酒店', '厦门市思明区', '18:00', '次日', '轮渡+公交', 300),
-- Day 2
(34, 13, 'sight', '厦门大学', '厦门市思明区', '09:00', '11:30', '公交', 0),
(35, 13, 'sight', '南普陀寺', '厦门市思明区', '11:30', '13:00', '步行', 0),
(36, 13, 'food', '沙坡尾美食', '厦门市思明区', '13:00', '15:00', '公交', 200),
(37, 13, 'sight', '环岛路', '厦门市思明区', '15:30', '18:00', '公交+骑行', 50),
-- Day 3
(38, 14, 'food', '八市海鲜市场', '厦门市思明区', '09:00', '11:00', '公交', 200),
(39, 14, 'sight', '曾厝垵', '厦门市思明区', '11:30', '15:00', '公交', 0),
(40, 14, 'food', '中山路步行街', '厦门市思明区', '15:30', '17:30', '公交', 150);

-- ============================================
-- 3. 结伴数据（首页结伴活动推荐示例数据）
-- ============================================
-- 说明：start_date/end_date 需在「当前日期-1月」至「当前日期+1年」内，才会被推荐接口返回。
-- 以下示例覆盖多种目的地与时间，便于首页推荐展示。

INSERT INTO `t_companion_post` (`id`, `creator_id`, `related_plan_id`, `destination`, `start_date`, `end_date`, `min_people`, `max_people`, `budget_min`, `budget_max`, `expected_mate_desc`, `visibility`, `status`, `created_at`) VALUES
-- 原有 3 条（小鹿/行者老张/桃桃 发起）
(1, 4, NULL, '北海道', '2025-02-01', '2025-02-07', 2, 4, 8000, 12000, '希望找到喜欢摄影和美食的旅友，性格开朗，能一起探索当地特色', 'public', 'open', '2024-01-25 09:00:00'),
(2, 5, NULL, '新疆', '2025-07-01', '2025-07-10', 3, 6, 6000, 10000, '自驾游爱好者优先，喜欢风光摄影，能适应长途驾驶', 'public', 'open', '2024-01-26 10:00:00'),
(3, 6, NULL, '泰国清迈', '2025-03-01', '2025-03-05', 2, 4, 3000, 5000, '休闲旅行，喜欢夜市和当地美食，希望找到志同道合的旅友', 'public', 'open', '2024-01-27 11:00:00'),
-- 新增结伴活动推荐示例（覆盖更多目的地与时段）
(4, 1, NULL, '京都、奈良', '2025-04-01', '2025-04-06', 2, 4, 10000, 15000, '樱花季文化之旅，希望旅友喜欢古迹与美食', 'public', 'open', '2024-01-28 14:00:00'),
(5, 2, NULL, '大理、丽江', '2025-05-10', '2025-05-16', 2, 4, 4000, 8000, '云南休闲游，洱海+古城，喜欢拍照的伙伴优先', 'public', 'open', '2024-01-29 10:00:00'),
(6, 3, NULL, '厦门', '2025-06-01', '2025-06-04', 2, 4, 2000, 4000, '鼓浪屿+美食，短途放松，性格随和即可', 'public', 'open', '2024-01-30 09:00:00');

-- 结伴小队（仅对前 3 条结伴帖建队，新增帖可后续组队）
INSERT INTO `t_companion_team` (`id`, `post_id`, `name`, `final_plan_id`, `status`) VALUES
(1, 1, '北海道摄影小分队', NULL, 'forming'),
(2, 2, '新疆自驾游小队', NULL, 'forming'),
(3, 3, '清迈美食探索团', NULL, 'forming');

-- 小队成员
INSERT INTO `t_team_member` (`id`, `team_id`, `user_id`, `role`, `state`, `joined_at`) VALUES
(1, 1, 4, 'leader', 'joined', '2024-01-25 09:00:00'),
(2, 1, 1, 'member', 'joined', '2024-01-25 10:30:00'),
(3, 2, 5, 'leader', 'joined', '2024-01-26 10:00:00'),
(4, 2, 2, 'member', 'joined', '2024-01-26 11:00:00'),
(5, 3, 6, 'leader', 'joined', '2024-01-27 11:00:00'),
(6, 3, 3, 'member', 'joined', '2024-01-27 12:00:00');

-- ============================================
-- 4. 游记数据
-- ============================================

INSERT INTO `t_travel_note` (`id`, `author_id`, `title`, `content`, `cover_image`, `related_plan_id`, `destination`, `created_at`) VALUES
(1, 1, '一个人去冰岛：环岛自驾与极光攻略',
'这次冰岛之旅是我人生中最难忘的一次旅行。从雷克雅未克出发，沿着1号公路环岛，每一处风景都让人震撼。\n\n**行程安排：**\n- Day 1-2: 雷克雅未克市区游览，蓝湖温泉\n- Day 3-5: 黄金圈、间歇泉、瀑布\n- Day 6-8: 南岸黑沙滩、冰川徒步\n- Day 9-12: 环岛继续，北部阿克雷里\n- Day 13-14: 返回雷克雅未克，等待极光\n\n**极光观测：**\n最佳时间是9月到3月，建议使用Aurora Forecast App查看KP指数。我们很幸运在第三天晚上就看到了极光，绿色的光带在天空中舞动，美得无法形容。\n\n**自驾建议：**\n- 租车建议选择四驱SUV，路况复杂\n- 注意天气变化，随时关注路况信息\n- 加油站较少，提前规划路线\n\n**预算参考：**\n总花费约15000元（不含机票），包含租车、住宿、餐饮、活动费用。',
'https://picsum.photos/seed/note1/1200/680', NULL, '冰岛', '2024-01-28 14:00:00'),

(2, 2, '东京 5 日暴走打卡清单（含机酒预算）',
'东京真的是一个让人流连忘返的城市，这次5天的行程虽然紧凑，但基本把想去的都打卡了。\n\n**Day 1: 新宿+涩谷**\n- 新宿御苑（春季樱花季必去）\n- 涩谷十字路口（世界最繁忙的十字路口）\n- 歌舞伎町（晚上体验日本夜生活）\n\n**Day 2: 浅草+上野**\n- 浅草寺（必打卡的古老寺庙）\n- 上野公园（樱花季超美）\n- 秋叶原（动漫迷的天堂）\n\n**Day 3: 银座+东京塔**\n- 银座购物（奢侈品集中地）\n- 东京塔（夜景超美）\n- 筑地市场（早餐必去）\n\n**Day 4: 迪士尼乐园**\n- 东京迪士尼乐园（一整天）\n\n**Day 5: 原宿+表参道**\n- 原宿竹下通（年轻人聚集地）\n- 表参道（时尚购物街）\n\n**预算明细：**\n- 机票：往返3500元\n- 住宿：4晚共2000元（经济型酒店）\n- 餐饮：每天约300元，共1500元\n- 交通：JR Pass 7日券约1800元\n- 门票+购物：约2000元\n- 总计：约10800元',
'https://picsum.photos/seed/note2/1200/680', NULL, '东京', '2024-01-29 15:00:00'),

(3, 3, '大理洱海边的慢生活：住宿与拍照机位',
'在大理待了5天，每天都是慢节奏的生活，洱海边真的太适合放空了。\n\n**住宿推荐：**\n- 双廊：海景民宿，价格300-800元/晚，推荐"洱海时光"和"海之蓝"\n- 才村：性价比高，200-500元/晚，离古城近\n- 挖色：人少景美，适合拍照，价格200-600元/晚\n\n**拍照机位：**\n1. 双廊观景台：可以拍到整个洱海和苍山\n2. 挖色小普陀：日落时分最美\n3. 才村码头：日出最佳观赏点\n4. 环海东路：沿途都是风景，适合自驾拍照\n5. 海舌生态公园：人少景美，适合拍倒影\n\n**美食推荐：**\n- 白族三道茶：体验当地文化\n- 酸辣鱼：洱海特色\n- 喜洲粑粑：当地小吃\n- 乳扇：云南特色\n\n**游玩建议：**\n- 租电动车环海，一天约50-80元\n- 建议住2-3晚，慢慢感受\n- 避开节假日，人少体验更好',
'https://picsum.photos/seed/note3/1200/680', NULL, '大理', '2024-01-30 16:00:00');

-- ============================================
-- 5. 社区动态
-- ============================================

INSERT INTO `t_feed_post` (`id`, `user_id`, `content`, `image_urls_json`, `created_at`) VALUES
(1, 1, '刚从京都回来，清水寺的枫叶真的太美了！推荐大家10月底到11月初去，人少景美。', '["https://picsum.photos/seed/feed1-1/800/600","https://picsum.photos/seed/feed1-2/800/600"]', '2024-01-31 10:00:00'),
(2, 2, '大理洱海的日出，美得让人窒息🌅', '["https://picsum.photos/seed/feed2-1/800/600"]', '2024-02-01 07:00:00'),
(3, 3, '厦门鼓浪屿的小巷，每一处都是风景📸', '["https://picsum.photos/seed/feed3-1/800/600","https://picsum.photos/seed/feed3-2/800/600"]', '2024-02-02 14:00:00'),
(4, 4, '寻找2月初去北海道的旅友，主要想拍雪景和泡温泉，有一起的吗？', NULL, '2024-02-03 09:00:00'),
(5, 5, '新疆自驾游路线已规划好，7月出发，有经验丰富的司机，还缺2-3人，感兴趣的联系！', NULL, '2024-02-04 11:00:00');

-- ============================================
-- 6. 评论数据
-- ============================================

-- 路线评论
INSERT INTO `t_comment` (`id`, `user_id`, `target_type`, `target_id`, `content`, `score`, `created_at`) VALUES
-- 路线1的评论
(1, 2, 'route', 1, '这个路线安排得很合理，京都的景点都覆盖了，特别是清水寺和伏见稻荷大社，非常值得一去！', 5, '2024-02-05 10:00:00'),
(2, 3, 'route', 1, '奈良公园的小鹿很可爱，但是要注意安全，有些鹿会追着要食物。整体行程不累，适合第一次去日本的朋友。', 4, '2024-02-06 11:00:00'),
(3, 4, 'route', 1, '预算12000元有点紧张，建议多准备一些，因为日本消费比较高。不过路线本身很棒！', 4, '2024-02-07 12:00:00'),
-- 路线2的评论
(4, 1, 'route', 2, '大理丽江的行程很悠闲，适合放松心情。洱海环湖一定要去，风景太美了！', 5, '2024-02-08 13:00:00'),
(5, 3, 'route', 2, '玉龙雪山需要提前预约，建议早点去，下午容易起雾看不到山顶。蓝月谷的水真的很蓝，拍照超美！', 5, '2024-02-09 14:00:00'),
-- 路线3的评论
(6, 1, 'route', 3, '厦门的美食真的太多了，3天根本吃不完。鼓浪屿建议早上去，下午人太多。', 4, '2024-02-10 15:00:00'),
(7, 2, 'route', 3, '厦门大学的建筑很有特色，但是需要提前预约才能进入。环岛路骑行很舒服，推荐！', 5, '2024-02-11 16:00:00');

-- 游记评论
INSERT INTO `t_comment` (`id`, `user_id`, `target_type`, `target_id`, `content`, `score`, `created_at`) VALUES
(8, 2, 'note', 1, '冰岛极光真的太美了！我也想去，请问租车需要国际驾照吗？', 5, '2024-02-12 10:00:00'),
(9, 3, 'note', 1, '感谢分享！极光观测的App叫什么名字？', 5, '2024-02-13 11:00:00'),
(10, 1, 'note', 2, '东京5天的行程安排得很紧凑，但是很实用。JR Pass确实很划算！', 4, '2024-02-14 12:00:00'),
(11, 4, 'note', 3, '大理的住宿推荐很实用，我准备按照这个去订。拍照机位也很详细，谢谢！', 5, '2024-02-15 13:00:00');

-- 结伴评论
INSERT INTO `t_comment` (`id`, `user_id`, `target_type`, `target_id`, `content`, `score`, `created_at`) VALUES
(12, 1, 'companion_team', 1, '我也喜欢摄影，可以一起吗？', NULL, '2024-02-16 09:00:00'),
(13, 2, 'companion_team', 2, '我有自驾经验，可以加入吗？', NULL, '2024-02-17 10:00:00'),
(14, 3, 'companion_team', 3, '清迈的美食确实很棒，我也想去！', NULL, '2024-02-18 11:00:00');

-- ============================================
-- 数据插入完成
-- ============================================
-- 说明：
-- 1. 所有用户密码统一为：123456
-- 2. 路线数据对应前端的3条示例路线（ID: 1, 2, 3）
-- 3. 结伴数据共 6 条（ID: 1–6），用于首页结伴活动推荐；推荐接口按日期范围与热度返回
-- 4. 游记数据对应前端的3篇示例游记（ID: 1, 2, 3）
-- 5. 评论数据包含对路线、游记、结伴的评论
-- ============================================
ALTER TABLE t_trip_activity
    ADD COLUMN lng DOUBLE NULL COMMENT '经度',
    ADD COLUMN lat DOUBLE NULL COMMENT '纬度';
